State,District,Latitude,Longitude,District code,Population,Male,Female,Literate,Workers,LPG_or_PNG_Households,Households_with_Internet,Housholds_with_Electric_Lighting,Rural_Households,Urban_Households,Total_Power_Parity,sex_ratio,literacy_rate
Andhra Pradesh,Adilabad,19.284513950073435,78.81321233480176,532,2741239,1369597,1371642,1483347,1323667,194954,5512,566108,597466,220248,4181,100.0,54.0
Andhra Pradesh,Anantapur,14.312065561843148,77.4601584478577,553,4081148,2064495,2016653,2310960,2036166,223016,8606,897970,902997,341431,5799,98.0,57.0
Andhra Pradesh,Chittoor,13.33109263067696,78.92763898886037,554,4174064,2090204,2083860,2667878,1933357,324406,13763,944555,907970,395900,5926,100.0,64.0
Andhra Pradesh,East Godavari,16.782718320784902,82.2432074720511,545,5154296,2569688,2584608,3288577,2093681,479914,22411,1297273,1199479,406362,7211,101.0,64.0
Andhra Pradesh,Guntur,15.884925767634847,80.58657614107885,548,4887813,2440521,2447292,2960441,2381624,648568,19383,1186028,1069877,513113,6981,100.0,61.0
Andhra Pradesh,Hyderabad,17.38971555555556,78.46668888888888,536,3943323,2018575,1924748,2892155,1413297,581509,149034,869721,0,1066289,11071,95.0,73.0
Andhra Pradesh,Karimnagar,18.515483193277312,79.43765428571413,534,3776269,1880800,1895469,2206829,1876768,344667,8831,926768,877236,288044,5251,101.0,58.0
Andhra Pradesh,Khammam,17.683921325051784,80.67008643892335,541,2797370,1390988,1406382,1630234,1410062,219710,8628,668519,669262,201363,3836,101.0,58.0
Andhra Pradesh,Krishna,16.143872753151673,81.14805061000413,547,4517398,2267375,2250023,3009718,2048880,632890,30438,1163932,909292,567042,6983,99.0,67.0
Andhra Pradesh,Kurnool,15.43759715142429,77.90086836581717,552,4053463,2039227,2014236,2127161,2029425,195001,10081,816721,783853,306982,5301,99.0,52.0
Andhra Pradesh,Mahbubnagar,16.639546224256293,77.98933089244859,538,4053028,2050386,2002642,1940646,2082501,136843,6153,757821,848963,161052,4695,98.0,48.0
Andhra Pradesh,Medak,17.889304978038055,78.13778901903379,535,3033288,1523030,1510258,1637137,1442203,163074,8635,604719,593653,195479,3874,99.0,54.0
Andhra Pradesh,Nalgonda,17.113250515463907,79.16984453608244,539,3488809,1759772,1729037,2001019,1741693,228818,7715,789225,833504,197433,4468,98.0,57.0
Andhra Pradesh,Nizamabad,18.429485849056604,78.07523490566035,533,2551335,1250641,1300694,1389810,1261076,186740,5261,545913,565165,155133,3458,104.0,54.0
Andhra Pradesh,Prakasam,15.489039001601704,80.11665790176184,549,3397448,1714764,1682684,1904435,1700567,290947,6151,763746,873486,214089,4304,98.0,56.0
Andhra Pradesh,Srikakulam,18.570900998697432,84.25874814010675,542,2703114,1341738,1361376,1495381,1290288,149554,3988,615432,752752,149684,3301,101.0,55.0
Andhra Pradesh,Vizianagaram,18.28329696032972,83.45982854198873,543,2344474,1161477,1182997,1238388,1157962,140361,4453,527736,592458,157056,3103,102.0,53.0
Andhra Pradesh,Warangal,18.01752608695651,79.87422028985509,540,3512576,1759281,1753295,2065023,1705655,237349,12952,828077,758738,288249,4762,100.0,59.0
Andhra Pradesh,West Godavari,16.63297943925236,81.45912990654196,546,3936966,1964918,1972048,2652389,1773112,435334,12050,1017568,1007255,248373,5485,100.0,67.0
Arunachal Pradesh,Changlang,27.36048479338845,96.37552644628106,253,148226,76948,71278,73174,62966,4762,170,14593,33422,6498,348,93.0,49.0
Arunachal Pradesh,East Kameng,27.371194055944056,93.04741486013997,247,78690,38775,39915,38449,31710,3583,57,5318,14503,5215,348,103.0,49.0
Arunachal Pradesh,East Siang,28.15382352941176,95.06499226006191,251,99214,50116,49098,62576,40222,4866,450,14231,19497,9524,644,98.0,63.0
Arunachal Pradesh,Kurung Kumey,28.04853351800553,93.24531994459834,256,92076,45318,46758,36606,38044,586,95,3911,18603,1092,348,103.0,40.0
Arunachal Pradesh,Lohit,27.946785273972623,96.59670770547945,259,145726,76221,69505,83062,60945,6549,312,17157,33599,11372,348,91.0,57.0
Arunachal Pradesh,Lower Dibang Valley,28.32651730103806,95.76567335640142,258,54080,28053,26027,31849,22326,3068,207,5932,12000,3950,348,93.0,59.0
Arunachal Pradesh,Lower Subansiri,27.70849297297297,93.96226108108112,255,83030,41843,41187,54057,30202,4211,381,12493,18112,5365,348,98.0,65.0
Arunachal Pradesh,Papum Pare,27.273529716981127,93.54468183962264,248,176573,89182,87391,121048,65772,22966,2477,30539,20308,30180,644,98.0,69.0
Arunachal Pradesh,Tawang,27.680683962264148,91.82504245283016,245,49977,29151,20826,26073,28561,3794,96,8635,10730,2452,348,71.0,52.0
Arunachal Pradesh,Tirap,26.94406229508198,95.41470327868862,254,111975,57604,54371,47974,50169,3104,98,16026,18420,6500,348,94.0,43.0
Arunachal Pradesh,Upper Siang,28.8309244897959,95.00155765306124,252,35320,18699,16621,18195,17644,1504,97,6198,8569,2182,348,89.0,52.0
Arunachal Pradesh,Upper Subansiri,28.277196566523585,93.8991435622318,249,83448,41758,41690,45278,33370,3123,139,5373,14542,4672,348,100.0,54.0
Arunachal Pradesh,West Kameng,27.46486582278483,92.65015750452083,246,83947,46155,37792,48492,42493,7133,202,14188,17889,6306,348,82.0,58.0
Arunachal Pradesh,West Siang,28.106296920289843,94.53510344202908,250,112274,58168,54106,64746,49177,6115,303,14204,22272,8503,348,93.0,58.0
Assam,Barpeta,26.427872264631056,90.97912010178116,303,1693622,867004,826618,897058,561824,50806,2078,84804,447189,52192,348,95.0,53.0
Assam,Bongaigaon,26.45012521994133,90.6734296187684,319,738804,375818,362986,434078,255806,29937,2523,49866,181923,38470,348,97.0,59.0
Assam,Cachar,24.815570668693017,92.86849650455927,316,1736617,886284,850333,1174128,608062,62135,5316,140205,346227,88933,348,96.0,68.0
Assam,Darrang,26.58463215962442,92.04141338028155,325,928500,475273,453227,487039,324843,17676,1166,45444,268517,20189,348,95.0,52.0
Assam,Dhemaji,27.586533438485816,94.71336908517353,308,686133,351249,334884,423028,316800,16547,1192,28195,211758,16504,348,95.0,62.0
Assam,Dibrugarh,27.30612284482757,95.0998282327587,310,1326335,676434,649901,884531,560557,76292,8817,136685,299852,77163,348,96.0,67.0
Assam,Goalpara,26.017277777777807,90.59869891598912,302,1008183,513292,494891,563577,362573,21455,1364,78641,228610,39504,348,96.0,56.0
Assam,Golaghat,26.377219709794485,93.82583397823468,313,1066888,543161,523727,721764,479928,40889,3073,82345,292893,34190,348,96.0,68.0
Assam,Hailakandi,24.457496089385486,92.59154664804475,318,659296,337890,321406,407366,214240,11035,1211,44143,159215,16202,348,95.0,62.0
Assam,Jorhat,26.76244824016563,94.30197722567289,312,1092256,556805,535451,794929,498618,71639,5651,122063,286330,80824,348,96.0,73.0
Assam,Kamrup,26.170939452054807,91.58863273972592,321,1517542,778461,739081,995319,628954,70272,3109,122191,390596,43849,348,95.0,66.0
Assam,Karbi Anglong,26.08966454598031,93.11536570271832,314,956313,490167,466146,557214,383441,18763,1923,53918,215691,37185,348,95.0,58.0
Assam,Karimganj,24.69660712250711,92.3679498575498,317,1228686,625864,602822,795297,399171,28261,1933,70951,261945,32695,348,96.0,65.0
Assam,Kokrajhar,26.497246635730868,90.13997470997688,300,887142,452905,434237,489305,341131,15089,1218,41373,204896,17115,348,96.0,55.0
Assam,Lakhimpur,27.14128805970149,94.0775949253732,307,1042137,529674,512463,683486,429995,32104,1948,60296,293239,34694,348,97.0,66.0
Assam,Nagaon,26.26462170626351,92.9306191144708,305,2823768,1439112,1384656,1710716,979998,89206,5121,195631,674999,124186,348,96.0,61.0
Assam,Nalbari,26.46323767605632,91.40598521126763,323,771639,396006,375633,531771,267623,37849,1631,68313,210706,28238,348,95.0,69.0
Assam,Sonitpur,26.73514926829268,92.85197804878044,306,1924110,983904,940206,1108572,770606,70047,4358,133368,483325,64528,348,96.0,58.0
Assam,Tinsukia,27.53549291139241,95.69055949367085,309,1327929,680231,647698,798322,557196,70471,5135,161718,290704,90910,348,95.0,60.0
Bihar,Araria,26.211528119180603,87.30766554934816,209,2811569,1463333,1348236,1195768,1069893,17004,2561,43290,659061,44213,2035,92.0,43.0
Bihar,Aurangabad,24.774291867469877,84.45986024096379,235,2540073,1318684,1221389,1466002,837770,24106,2362,44456,428291,49006,2215,93.0,58.0
Bihar,Aurangabad,24.774291867469877,84.45986024096379,515,3701282,1924469,1776813,2503837,1575079,246324,23258,589477,551789,427343,8119,92.0,68.0
Maharashtra,Aurangabad,20.0979228832952,75.32072196796334,235,2540073,1318684,1221389,1466002,837770,24106,2362,44456,428291,49006,2215,93.0,58.0
Maharashtra,Aurangabad,20.0979228832952,75.32072196796334,515,3701282,1924469,1776813,2503837,1575079,246324,23258,589477,551789,427343,8119,92.0,68.0
Bihar,Banka,24.832355642023337,86.8664916342413,225,2034763,1067140,967623,965321,771080,15459,1704,62359,425604,18492,1738,91.0,47.0
Bihar,Begusarai,25.54302613168723,86.12560144032932,222,2970541,1567660,1402881,1548673,938182,49493,4644,120373,594377,139248,2354,89.0,52.0
Bihar,Bhagalpur,25.277192885375477,87.04213814229242,224,3037766,1615663,1422103,1573066,983528,63241,6764,174534,522527,130634,2814,88.0,52.0
Bihar,Bhojpur,25.50666439393939,84.49407803030304,231,2728407,1430380,1298027,1599151,822493,45763,3661,62153,434559,77368,2600,91.0,59.0
Bihar,Buxar,25.48593018867924,84.08808081760995,232,1706352,887977,818375,989807,538322,27362,1784,46760,299252,35405,1556,92.0,58.0
Bihar,Darbhanga,26.146187719298258,85.97387352472099,215,3937385,2059949,1877436,1816634,1223640,59510,6280,127442,907174,95539,3514,91.0,46.0
Bihar,Gaya,24.7266541547278,84.94291217765044,236,4391418,2266566,2124852,2297613,1664062,57738,6856,112617,696289,111282,3998,94.0,52.0
Bihar,Gopalganj,26.44874364161851,84.34636127167629,217,2562012,1267666,1294346,1382998,728201,31193,3707,69375,515925,38133,2370,102.0,54.0
Bihar,Jamui,24.78418380462726,86.26316298200514,238,1760405,916064,844341,858588,727571,12984,1839,32633,325909,30851,1516,92.0,49.0
Bihar,Jehanabad,25.155679045643165,84.9208124481328,239,1125313,585582,539731,618881,365378,15507,1106,27641,186660,28132,960,92.0,55.0
Bihar,Katihar,25.56565356037151,87.70466083591326,212,3071029,1600430,1470599,1280190,1013566,32570,2941,60900,668232,69838,2516,92.0,42.0
Bihar,Khagaria,25.53558891454964,86.56593256351037,223,1666886,883786,783100,768028,560805,15401,1580,40641,373696,21007,1254,89.0,46.0
Bihar,Kishanganj,26.324336758321294,87.95045007235886,210,1690400,866970,823430,745056,529064,11715,1093,58718,401793,43357,1347,95.0,44.0
Bihar,Lakhisarai,25.183449321266963,86.12825701357468,227,1000912,526345,474567,507270,326576,12938,1186,44491,175882,31763,904,90.0,51.0
Bihar,Madhepura,25.77341929460581,86.8978443983403,213,2001762,1047559,954203,834577,777546,12302,1397,23236,486278,24000,1494,91.0,42.0
Bihar,Madhubani,26.41380538172716,86.16328360450552,207,4487379,2329313,2158066,2155338,1636938,47090,5319,113281,1047552,41234,3520,93.0,48.0
Bihar,Munger,25.198537962962963,86.54173672839504,226,1367765,729041,638724,801817,426658,49141,2653,90461,222281,85782,1424,88.0,59.0
Bihar,Muzaffarpur,26.18664417177915,85.32745092024543,216,4801062,2527497,2273565,2509232,1547586,87796,10290,180651,998694,120700,4105,90.0,52.0
Bihar,Nalanda,25.229345508982053,85.48053113772461,229,2877653,1497060,1380593,1519933,1045420,43761,4156,101378,514141,102522,2578,92.0,53.0
Bihar,Nawada,24.825708836206903,85.61594568965519,237,2219146,1144668,1074478,1091012,817041,20522,1841,31162,379551,45323,1924,94.0,49.0
Bihar,Pashchim Champaran,27.16064352201258,84.30265911949685,203,3935042,2061110,1873932,1759481,1478947,38414,3495,57546,839514,96620,3181,91.0,45.0
Bihar,Patna,25.40297114503818,85.3198433587787,230,5838465,3078512,2759953,3459679,1881886,321307,40692,546859,657991,552103,7065,90.0,59.0
Bihar,Purba Champaran,26.68129336734693,85.00382155612242,204,5099371,2681209,2418162,2276957,1737539,52358,7719,74979,1142260,101565,4098,90.0,45.0
Bihar,Purnia,25.81714801901739,87.40447606973065,211,3264619,1699370,1565249,1332326,1143318,33688,4170,86058,712847,85749,2641,92.0,41.0
Bihar,Rohtas,24.99170460829495,83.9350762672811,234,2959918,1543546,1416372,1799832,924879,41659,4594,114893,512383,95678,1555,92.0,61.0
Bihar,Saharsa,25.821270696721303,86.54670819672135,214,1900661,997174,903487,804996,649898,21651,1668,41342,432651,38046,1582,91.0,42.0
Bihar,Samastipur,25.793205563909765,85.94833323308269,221,4261566,2230003,2031563,2142880,1343400,46123,5379,88021,1012979,43486,3500,91.0,50.0
Bihar,Saran,25.89656077844312,84.82266287425155,219,3951862,2022821,1929041,2157454,1040231,51822,4509,94787,701323,76299,3667,95.0,55.0
Bihar,Sheikhpura,25.12472436548223,85.77839390862943,228,636342,329743,306599,328676,224655,6803,631,20065,108293,24345,565,93.0,52.0
Bihar,Sheohar,26.458380748663107,85.29539411764709,205,656246,346673,309573,283698,216372,3983,478,10004,158484,7516,489,89.0,43.0
Bihar,Sitamarhi,26.56570069686413,85.61172491289203,206,3423574,1803252,1620322,1436794,1114583,39465,3460,66263,807294,49670,2679,90.0,42.0
Bihar,Siwan,26.1736372013652,84.33766552901022,218,3330464,1675090,1655374,1930175,932416,42384,3834,52935,632514,41858,3014,99.0,58.0
Bihar,Supaul,26.28157893772896,86.78496465201461,208,2229076,1155283,1073793,1033283,877682,12111,1845,51028,572287,27815,1836,93.0,46.0
Bihar,Vaishali,25.8134703180212,85.39247597173153,220,3495021,1844535,1650486,1926740,1060344,47300,4810,70001,699317,51494,2930,89.0,55.0
Chandigarh,Chandigarh,30.7426,76.75872465753424,55,1055450,580663,474787,805438,404136,168344,44283,231204,8911,289456,34145,82.0,76.0
Chhattisgarh,Bastar,19.393866751269048,81.52895126903546,414,1413199,698487,714712,650863,726531,22075,1782,157646,316425,54894,1529,102.0,46.0
Chhattisgarh,Bilaspur,22.356942982456143,81.99770350877188,30,381956,192764,189192,287620,205871,17262,1574,79146,152458,11987,3666,98.0,75.0
Chhattisgarh,Bilaspur,22.356942982456143,81.99770350877188,406,2663629,1351574,1312055,1596560,1203197,77727,8566,519704,549632,188174,2981,97.0,60.0
Himachal Pradesh,Bilaspur,31.3780422907489,76.65316079295157,30,381956,192764,189192,287620,205871,17262,1574,79146,152458,11987,3666,98.0,75.0
Himachal Pradesh,Bilaspur,31.3780422907489,76.65316079295157,406,2663629,1351574,1312055,1596560,1203197,77727,8566,519704,549632,188174,2981,97.0,60.0
Chhattisgarh,Dhamtari,20.554912627291245,81.7569195519348,412,799781,397897,401884,546833,402895,14568,1016,148926,168689,41792,782,101.0,68.0
Chhattisgarh,Durg,21.194463849287164,81.33181639511197,409,3343872,1682101,1661771,2303378,1496805,129193,16141,614109,533448,349741,4209,99.0,69.0
Chhattisgarh,Jashpur,22.77286167664669,83.8703962075848,402,851669,424747,426922,495415,487360,6628,567,76783,205670,20722,856,101.0,58.0
Chhattisgarh,Korba,22.491712499999995,82.57604326923074,404,1206640,612915,593725,748759,521186,43357,4544,202380,206598,126055,1565,97.0,62.0
Chhattisgarh,Koriya,23.50412776859501,82.12515636363635,400,658917,334737,324180,397823,307071,25605,1667,80023,121852,59763,852,97.0,60.0
Chhattisgarh,Mahasamund,21.223727037773354,82.65925427435384,411,1032754,511967,520787,637963,499260,13200,961,212487,274793,35774,964,102.0,62.0
Chhattisgarh,Raigarh,22.008265068493166,83.27797698630134,403,1493984,750278,743706,951639,690167,27771,3342,297308,354278,66638,1575,99.0,64.0
Chhattisgarh,Raigarh,22.008265068493166,83.27797698630134,520,2634200,1344345,1289855,1939994,1072969,328277,38570,547206,581868,377160,6097,96.0,74.0
Maharashtra,Raigarh,18.453257637845976,73.0090609418579,403,1493984,750278,743706,951639,690167,27771,3342,297308,354278,66638,1575,99.0,64.0
Maharashtra,Raigarh,18.453257637845976,73.0090609418579,520,2634200,1344345,1289855,1939994,1072969,328277,38570,547206,581868,377160,6097,96.0,74.0
Chhattisgarh,Raipur,20.88603153846152,82.20032759615388,410,4063872,2048186,2015686,2629749,1757664,166505,20261,728556,673499,395001,4561,98.0,65.0
Chhattisgarh,Surguja,23.32719278728607,83.23582493887531,401,2359886,1193129,1166757,1187941,1155807,29433,2737,253131,525596,65167,2462,98.0,50.0
Daman and Diu,Daman,20.431616666666677,72.8392366071429,495,191173,124659,66514,150348,105521,25844,1316,49249,10006,61073,34145,53.0,79.0
Daman and Diu,Junagadh,20.72568199498111,70.83985639899612,479,2743082,1404356,1338726,1842818,1123709,144561,6628,498326,489237,287506,5549,95.0,67.0
Gujarat,Junagadh,20.929523011609785,70.54733890140345,479,2743082,1404356,1338726,1842818,1123709,144561,6628,498326,489237,287506,5549,95.0,67.0
Goa,North Goa,15.548723418714054,73.80667997909038,585,818008,416677,401331,663060,327658,132612,23440,173951,115859,209230,2078,96.0,81.0
Goa,South Goa,15.195278658183785,73.941792596877,586,640537,322463,318074,502427,249590,102191,17624,138810,88620,162873,1646,99.0,78.0
Gujarat,Ahmadabad,22.605425564971743,72.23898135593227,474,7214225,3788051,3426174,5435760,2594952,965017,126341,1456046,353169,1845383,18633,90.0,75.0
Gujarat,Amreli,21.04832649310872,71.43457637825426,480,1514190,771049,743141,995459,657139,80378,2538,273331,313714,116899,2825,96.0,66.0
Gujarat,Anand,22.282718206229863,72.57782051557454,482,2092745,1087224,1005521,1551253,844794,147122,9902,378310,413078,208909,4372,92.0,74.0
Gujarat,Banas Kantha,24.258538965517253,71.93205252873561,469,3120506,1610379,1510127,1704923,1248600,84832,3424,396873,666773,137424,4242,94.0,55.0
Gujarat,Bharuch,21.75787276237761,72.67326346710801,488,1551019,805707,745312,1118276,627124,121542,10257,309091,300677,181319,3242,93.0,72.0
Gujarat,Bhavnagar,21.70219390341736,72.16272632761141,481,2880365,1490201,1390164,1887255,1150632,171327,7297,500757,387251,356826,5434,93.0,66.0
Gujarat,Gandhinagar,23.193679790026252,72.67221679790026,473,1391753,723864,667889,1030494,534976,132683,12107,262539,237624,195634,6016,92.0,74.0
Gujarat,Jamnagar,22.410600414263328,69.62062005768233,477,2160119,1114192,1045927,1396534,847440,142974,11573,386538,347158,299167,5028,94.0,65.0
Gujarat,Kachchh,23.48057203301311,68.82192301497916,468,2092371,1096737,995634,1252319,776228,140067,9631,403294,488293,250982,4146,91.0,60.0
Gujarat,Kheda,22.88765312500002,73.018803515625,483,2299885,1185727,1114158,1660243,933983,99982,5710,372226,461479,160547,4252,94.0,72.0
Gujarat,Mahesana,23.529355452865065,72.45545194085031,471,2035064,1056520,978544,1502645,812064,180985,7759,385609,476005,183738,3648,93.0,74.0
Gujarat,Narmada,21.70666386292833,73.68403208722742,487,590297,301086,289211,370336,294795,12997,576,101940,138121,22248,979,96.0,63.0
Gujarat,Navsari,20.866973318871995,72.86184869848157,490,1329672,678165,651507,1001909,591834,114620,6726,267679,267739,141417,3256,96.0,75.0
Gujarat,Panch Mahals,22.80435606837605,73.61984598290586,484,2390776,1226961,1163815,1440805,1097507,59096,3456,398937,463363,104238,3981,95.0,60.0
Gujarat,Patan,23.80634198473284,71.75162977099237,470,1343734,694397,649337,837913,554830,66310,2231,223424,301483,102655,2199,94.0,62.0
Gujarat,Porbandar,21.55092351651571,69.71896987722886,478,585449,300209,285240,393678,231169,41686,1653,117040,96015,87557,1463,95.0,67.0
Gujarat,Rajkot,22.40603377715488,70.83679439383323,476,3804558,1974445,1830113,2725056,1479050,362140,21785,747352,459474,721532,8498,93.0,72.0
Gujarat,Sabar Kantha,23.71803594548552,73.13638790459964,472,2428589,1244231,1184358,1578734,1084878,99037,5262,438606,544024,121509,3934,95.0,65.0
Gujarat,Surat,21.25761372772093,72.93488716344339,492,6081322,3402224,2679098,4571410,2553542,815423,55694,1252452,369840,1529998,16368,79.0,75.0
Gujarat,Surendranagar,22.82672007299272,71.48358740875906,475,1756268,909917,846351,1093626,723500,77857,2975,302068,340788,159810,3227,93.0,62.0
Gujarat,The Dangs,20.801633877551023,73.6883518367347,489,228291,113821,114470,140968,118257,2029,137,29794,52102,7516,325,101.0,62.0
Gujarat,Vadodara,22.26133739279589,73.49433010291594,486,4165626,2153736,2011890,2893080,1693473,411734,53606,798277,547454,692971,9753,93.0,69.0
Gujarat,Valsad,20.44238231644259,72.9148584798345,491,1705678,887222,818456,1170657,743245,137209,11020,329218,262410,235981,3316,92.0,69.0
Haryana,Ambala,30.3503672316384,76.94970310734456,70,1128350,598703,529647,818025,372139,121622,12899,199681,175365,139891,2781,88.0,72.0
Haryana,Bhiwani,28.728868064516128,76.02110225806452,81,1634445,866672,767773,1069871,623006,88938,5292,266244,357047,99235,3349,89.0,65.0
Haryana,Faridabad,28.14873109756098,77.32718536585368,88,1809733,966110,843623,1272739,579229,258422,43437,333171,87700,382981,5080,87.0,70.0
Haryana,Fatehabad,29.57298318584072,75.54608716814157,78,942011,495360,446651,557578,369083,51693,3210,153301,203020,55360,1854,90.0,59.0
Haryana,Gurgaon,28.043894789579163,77.01935130260523,86,1514432,816690,697742,1111116,544716,238359,67087,305751,141703,381988,3107,85.0,73.0
Haryana,Hisar,29.23628731117825,75.84324682779452,80,1743931,931562,812369,1114311,691621,110495,10132,285004,302013,154113,3642,87.0,64.0
Haryana,Jhajjar,28.59651868131869,76.61137142857145,83,958405,514667,443738,676091,326534,70149,5034,168558,211816,78328,2169,86.0,71.0
Haryana,Jind,29.45149821958457,76.29598575667653,77,1334152,713006,621146,832758,523422,78386,5263,222462,278335,89665,2674,87.0,62.0
Haryana,Kaithal,29.96068539094649,76.37698930041155,73,1074304,571003,503301,646529,373899,62668,3724,187349,231091,75696,2046,88.0,60.0
Haryana,Karnal,29.703200647249204,76.87488025889972,74,1505324,797712,707612,978013,516062,143133,11163,267223,292682,135920,3368,89.0,65.0
Haryana,Kurukshetra,30.05652659846548,76.78774680306903,72,964655,510976,453679,646893,336780,90150,7356,171908,203553,88268,2137,89.0,67.0
Haryana,Mahendragarh,28.1352161458333,76.14018072916659,84,922088,486665,435423,630255,338584,45359,2624,135455,223726,44216,1894,89.0,68.0
Haryana,Panchkula,30.700897142857134,76.97173238095236,69,561293,299679,261614,405318,211479,69687,18615,103455,70895,93656,1445,87.0,72.0
Haryana,Panipat,29.34352134146342,76.92895914634147,75,1205437,646857,558580,786599,412318,121846,10024,209965,173502,153804,2559,86.0,65.0
Haryana,Rewari,28.19164714828897,76.55956007604564,85,900332,474335,425997,636947,337727,62667,5121,152651,199449,69305,1979,90.0,71.0
Haryana,Rohtak,28.892517647058817,76.53123235294117,82,1061204,568479,492725,747582,345967,94633,8482,193120,175203,131739,2299,87.0,70.0
Haryana,Sirsa,29.63583446327684,74.90970480225988,79,1295189,682582,612607,782897,502003,70538,6287,215527,245476,93316,2681,90.0,60.0
Himachal Pradesh,Chamba,32.66741814595661,76.39354063116366,23,519080,261320,257760,323842,294035,21458,1615,96082,186395,13836,950,99.0,62.0
Himachal Pradesh,Hamirpur,31.67668481012659,76.49767088607594,28,454768,217070,237698,358091,241931,34978,2521,104120,196116,15232,878,110.0,79.0
Himachal Pradesh,Hamirpur,31.67668481012659,76.49767088607594,168,1104285,593537,510748,653299,443655,20175,1196,55929,256081,55300,1291,86.0,59.0
Uttar Pradesh,Hamirpur,25.738158381502892,79.82619479768789,28,454768,217070,237698,358091,241931,34978,2521,104120,196116,15232,878,110.0,79.0
Uttar Pradesh,Hamirpur,25.738158381502892,79.82619479768789,168,1104285,593537,510748,653299,443655,20175,1196,55929,256081,55300,1291,86.0,59.0
Himachal Pradesh,Kangra,32.14093603238864,76.41205910931173,24,1510075,750591,759484,1152640,675170,148361,8053,330081,588321,39007,2878,101.0,76.0
Himachal Pradesh,Kinnaur,31.60667184065933,78.51613736263741,34,84121,46249,37872,60699,56273,10740,354,17865,44514,0,181,82.0,72.0
Himachal Pradesh,Kullu,31.90911922077925,77.40922649350647,26,437903,225452,212451,307672,269084,40064,2623,91322,167995,20709,854,94.0,70.0
Himachal Pradesh,Mandi,31.635805940594054,76.96556930693067,27,999777,498065,501712,723747,572671,59324,5333,214491,431129,31696,1842,101.0,72.0
Himachal Pradesh,Shimla,31.155725451807253,77.62573042168668,33,814010,425039,388971,612642,430926,108888,9177,172754,279269,95896,1668,92.0,75.0
Himachal Pradesh,Sirmaur,30.682764453961443,77.43184689507493,32,529855,276289,253566,362645,280083,28904,2220,91509,171102,21054,930,92.0,68.0
Himachal Pradesh,Solan,31.03864311926604,76.94442140672783,31,580320,308754,271566,428578,298737,53722,5250,119866,192787,51509,1253,88.0,74.0
Himachal Pradesh,Una,31.58330388349513,76.18353932038836,29,521173,263692,257481,399715,215346,43809,2412,105929,185091,20126,987,98.0,77.0
Jammu and Kashmir,Doda,33.359614675767915,76.07163720136518,16,409936,213641,196295,219083,151912,7963,596,61831,122267,11350,1103,92.0,53.0
Jammu and Kashmir,Jammu,32.713199095022645,74.8477520361991,21,1529958,813821,716137,1137135,508622,197168,19905,294739,254566,248043,3525,88.0,74.0
Jammu and Kashmir,Kargil,33.565994894894914,76.63675315315312,4,140802,77785,63017,86236,51873,3285,235,15824,40370,7774,214,81.0,61.0
Jammu and Kashmir,Kathua,32.51781678321678,75.58901398601404,7,616435,326109,290326,389204,200431,32772,1443,109422,181374,33473,936,89.0,63.0
Jammu and Kashmir,Pulwama,33.88414418604652,75.00921860465118,12,560440,293064,267376,293958,188420,16828,1537,73629,147520,21703,1068,91.0,52.0
Jammu and Kashmir,Punch,33.791241290322574,74.29593161290322,5,476835,251899,224936,261724,161393,13160,346,62900,132139,15269,629,89.0,55.0
Jammu and Kashmir,Srinagar,34.27312898550724,75.11021159420288,10,1236829,651124,585705,748584,407188,138119,16413,165403,4518,257721,3099,90.0,61.0
Jammu and Kashmir,Udhampur,33.04770670731707,75.15286951219511,19,554985,296784,258201,322354,243672,20008,1214,73999,148664,34696,1278,87.0,58.0
Jharkhand,Bokaro,23.6814965034965,85.98398374125864,355,2062330,1072807,989523,1273520,685368,67157,9754,274726,250312,258452,3604,92.0,62.0
Jharkhand,Chatra,24.11619945750453,84.93295804701627,347,1042886,533935,508951,510061,397690,5307,590,27037,200974,14528,817,95.0,49.0
Jharkhand,Deoghar,24.33070100755672,86.75697632241814,350,1492073,775022,717051,793538,551467,26760,1944,130193,257373,64337,1267,93.0,53.0
Jharkhand,Dhanbad,23.854509090909097,86.40372924901185,354,2684487,1405956,1278531,1722204,844504,83995,11568,427173,258764,405455,3954,91.0,64.0
Jharkhand,Dumka,24.275006125574265,87.27662450229711,362,1321442,668514,652928,672409,624779,11836,1193,62110,303697,23281,1323,98.0,51.0
Jharkhand,Garhwa,24.082114689265527,83.68664265536722,346,1322784,683575,639209,653476,571431,6798,565,29373,272872,19180,1017,94.0,49.0
Jharkhand,Giridih,24.30578509874329,86.08710915619386,349,2445474,1258098,1187376,1253475,1036277,16909,1944,125431,452564,46886,2384,94.0,51.0
Jharkhand,Godda,24.8189,87.2941735483871,351,1313551,677927,635624,604519,552191,7421,874,43230,276454,15576,1057,94.0,46.0
Jharkhand,Gumla,23.078532948929148,84.55056787479396,366,1025213,514390,510823,559720,487508,9108,831,31687,216629,16445,849,99.0,55.0
Jharkhand,Jamtara,23.97873318077801,86.95325080091534,363,791042,404830,386212,426312,326631,5564,808,49419,165555,20113,540,95.0,54.0
Jharkhand,Latehar,23.72511185840708,84.48298743362837,359,726978,369666,357312,350682,313379,2177,340,38194,146377,14137,547,97.0,48.0
Jharkhand,Lohardaga,23.488796043165483,84.6605169064748,356,461790,232629,229161,259707,221332,8016,351,28769,96759,14725,388,99.0,56.0
Jharkhand,Pakur,24.57260428082189,87.69691969178076,353,900422,452661,447761,352881,404584,5316,328,31414,200588,16587,691,99.0,39.0
Jharkhand,Palamu,24.196925968109337,84.20310842824594,358,1939869,1006302,933567,1024563,713175,17270,2155,68238,355529,52375,1515,93.0,53.0
Jharkhand,Ranchi,23.184235061391547,85.31781937244203,364,2914253,1494937,1419316,1911433,1142867,164237,22538,350908,420740,310242,3805,95.0,66.0
Jharkhand,Sahibganj,24.93667989690721,87.68264097938142,352,1150567,589391,561176,483263,490202,11545,591,34879,223450,37543,954,95.0,42.0
Jharkhand,Simdega,22.608760391198054,84.59193691931536,367,599578,300309,299269,343483,288645,3472,423,16865,144169,11114,496,100.0,57.0
Karnataka,Bagalkot,16.15860676328503,75.64526070853468,556,1889752,950111,939641,1113412,818081,49345,3745,301389,324799,165858,2890,99.0,59.0
Karnataka,Bangalore Rural,12.936827087794448,77.47369314775169,583,990923,509172,481751,688749,459891,77454,3729,214253,231052,95410,1422,95.0,70.0
Karnataka,Belgaum,16.16107219152853,74.72329042357275,555,4779661,2423063,2356598,3052032,2105668,240742,17560,808827,962777,356198,7045,97.0,64.0
Karnataka,Bellary,15.074377548209377,76.47228471074374,565,2452595,1236954,1215641,1421621,1116880,114040,9626,440374,371604,251876,3886,98.0,58.0
Karnataka,Bidar,17.950361730769224,77.19459961538459,558,1703300,870665,832635,1042673,702608,34924,3971,271439,287134,102269,2448,96.0,61.0
Karnataka,Bijapur,16.84015316666667,75.95909166666665,417,255230,128663,126567,86919,134525,1022,117,12516,50449,7942,1387,98.0,34.0
Karnataka,Bijapur,16.84015316666667,75.95909166666665,557,2177331,1111022,1066309,1248268,927722,58890,4987,326594,396449,131041,2938,96.0,57.0
Karnataka,Chikmagalur,13.425288289676422,75.67626502311249,570,1137961,566622,571339,818345,565774,74534,4510,238505,311660,80766,1996,101.0,72.0
Karnataka,Chitradurga,14.29102220394736,76.57821957236843,566,1659456,840843,818613,1087392,856587,60522,5711,307257,349704,97644,2374,97.0,66.0
Karnataka,Davanagere,14.330414586709884,75.91723841166937,567,1945497,986400,959097,1308540,875207,100812,7320,372671,354680,176011,3062,97.0,67.0
Karnataka,Dharwad,15.343831376975173,75.13831264108359,562,1847023,937206,909817,1301664,784833,140584,15013,347962,199707,283397,3519,97.0,70.0
Karnataka,Gadag,15.507128256880746,75.64861302752298,561,1064570,537147,527423,700177,495722,31959,3373,198064,180066,111906,1699,98.0,66.0
Karnataka,Gulbarga,17.070459515951594,76.87503850385033,579,2566326,1301755,1264571,1427368,1087028,77334,9752,404767,400704,199303,5378,97.0,56.0
Karnataka,Hassan,12.945098749999998,76.11049549999997,574,1776421,883667,892754,1225256,903580,90599,4851,400702,496103,132878,2743,101.0,69.0
Karnataka,Haveri,14.737582809224318,75.3961230607966,564,1597668,819128,778540,1085443,730066,41517,2456,295937,315076,98488,2240,95.0,68.0
Karnataka,Kodagu,12.39684468085106,75.79336595744688,576,554519,274608,279911,412877,278938,40958,3308,113931,181182,31792,942,102.0,74.0
Karnataka,Kolar,13.312799881235172,78.01376947743476,581,1536401,776396,760005,1016219,717872,72407,5051,309494,326567,151042,3389,98.0,66.0
Karnataka,Koppal,15.651253271028034,76.1617048598131,560,1389920,699926,689994,809085,654766,31673,2135,223166,272968,64681,1889,99.0,58.0
Karnataka,Mandya,12.574901806239744,76.81570098522172,573,1805769,905085,900684,1149649,871408,80452,3367,391033,458867,103435,2628,100.0,64.0
Karnataka,Mysore,12.248100259403367,76.52881802853437,577,3001127,1511600,1489527,1962180,1314268,273706,28397,640868,540596,380386,4995,99.0,65.0
Karnataka,Raichur,16.050795353982295,76.87368606194688,559,1928812,964511,964301,979769,903413,51443,5200,314547,330446,125402,2672,100.0,51.0
Karnataka,Shimoga,14.063845885634592,75.17882078103197,568,1752753,877415,875338,1263016,780598,128087,8791,363835,352444,201662,3119,100.0,72.0
Karnataka,Tumkur,13.592467760074973,77.02297966260545,571,2678980,1350594,1328386,1813391,1354646,116539,7971,562769,685443,204799,4067,98.0,68.0
Karnataka,Udupi,13.450404228534568,74.72009990316337,569,1177361,562131,615230,926429,513241,83810,9070,224814,269817,115572,2100,109.0,79.0
Kerala,Alappuzha,9.542602965599087,76.38010796263319,598,2127789,1013142,1114647,1852797,804471,274392,28842,507913,331419,392117,3368,110.0,87.0
Kerala,Ernakulam,10.004879301987431,76.26957729035381,595,3282388,1619557,1662831,2855676,1249343,499291,88737,771287,369694,804997,6274,103.0,87.0
Kerala,Idukki,9.80480963855423,77.04586641566264,596,1108974,552808,556166,923010,516363,54626,8250,244844,391610,20823,1374,101.0,83.0
Kerala,Kannur,11.941523076923056,75.35209891725934,589,2523003,1181446,1341557,2138434,824116,115356,32653,511167,306288,566191,4432,114.0,85.0
Kerala,Kasaragod,12.33310309912974,75.07768497134369,588,1307375,628613,678762,1037492,462998,74092,10378,237670,251641,166164,1988,108.0,79.0
Kerala,Kollam,8.929388820570157,76.6360775852431,600,2635375,1246968,1388407,2240273,912025,263148,31542,630767,523715,401415,3910,111.0,85.0
Kerala,Kottayam,9.643701174068417,76.46059673302705,597,1974551,968289,1006262,1749798,735735,187213,37849,464039,481967,196194,3071,104.0,89.0
Kerala,Kozhikode,11.392924270557026,75.71158720159153,591,3086293,1470942,1615351,2615443,948981,145558,36791,641660,323793,666543,4594,110.0,85.0
Kerala,Malappuram,10.97329875666072,75.93910775606876,592,4112920,1960328,2152592,3311315,1062424,139994,27909,730119,634543,522586,4838,110.0,81.0
Kerala,Palakkad,10.784926903553291,76.49980490693744,593,2809934,1359478,1450456,2239492,1042340,178386,27162,587583,665899,228442,3929,107.0,80.0
Kerala,Thiruvananthapuram,8.537101759082221,76.88711502868073,601,3301427,1581678,1719749,2785408,1231669,343590,71621,783872,559293,609824,5770,109.0,84.0
Kerala,Thrissur,10.458932647907687,76.12321940836945,594,3121200,1480763,1640437,2678548,1095727,338350,56148,721625,336748,715119,5612,111.0,86.0
Kerala,Wayanad,11.715277464788736,76.07587007042254,590,817420,401684,415736,645585,340077,23028,4712,149864,266183,11805,1095,103.0,79.0
Madhya Pradesh,Anuppur,23.18184220430107,81.86560000000007,461,749237,379114,370123,436595,346471,23388,1290,81338,147388,60325,787,98.0,58.0
Madhya Pradesh,Ashoknagar,24.63098846153845,77.82974493927134,459,845071,443837,401234,469109,315270,15886,619,84720,169606,37135,861,90.0,56.0
Madhya Pradesh,Balaghat,21.80020720640569,80.42170053380796,457,1701698,842178,859520,1147623,893014,27283,1712,277927,400074,70793,1709,102.0,67.0
Madhya Pradesh,Barwani,21.702135714285724,74.91004719710673,441,1385881,699340,686541,549926,653897,30115,1158,181139,250358,48912,1336,98.0,40.0
Madhya Pradesh,Betul,21.964626315789477,77.7873428189117,447,1575362,799236,776126,939769,786980,45270,2109,230974,318945,87704,1845,97.0,60.0
Madhya Pradesh,Bhind,26.35951126187245,78.7618324287653,420,1703005,926843,776162,1094917,520768,32268,1166,107819,271211,88385,1786,84.0,64.0
Madhya Pradesh,Bhopal,23.480726143790854,77.39246623093679,444,2371061,1236130,1134931,1660690,867457,281442,40788,452912,118893,581826,4298,92.0,70.0
Madhya Pradesh,Burhanpur,21.364567254408065,76.24460478589425,467,757847,388504,369343,408679,328339,40478,986,112420,115979,62861,989,95.0,54.0
Madhya Pradesh,Chhatarpur,24.813637376460004,79.56449299191374,425,1762375,936121,826254,943033,751797,36506,1880,176056,375869,95048,1947,88.0,54.0
Madhya Pradesh,Chhindwara,22.227966971713823,78.76413136439254,455,2090922,1064468,1026454,1294198,957984,73284,3588,344875,413142,140802,2513,96.0,62.0
Madhya Pradesh,Damoh,23.76624407960196,79.47049303482588,428,1264219,661873,602346,747715,574595,23270,1432,187731,303387,66514,1359,91.0,59.0
Madhya Pradesh,Datia,25.90226439560441,78.63916571428574,422,786754,420157,366597,491445,321160,17555,616,97696,160453,43401,951,87.0,62.0
Madhya Pradesh,Dewas,22.7851110021322,76.46088805970157,437,1563715,805359,758356,925369,742676,59521,3518,270457,274995,101014,1899,94.0,59.0
Madhya Pradesh,Dhar,22.572681718963157,75.1105620736698,438,2185793,1112725,1073068,1077338,1027974,75637,2388,349639,412348,103364,2470,96.0,49.0
Madhya Pradesh,Dindori,22.83738437047757,81.04332966714911,453,704524,351913,352611,378714,389925,4576,554,62372,218021,9774,652,100.0,54.0
Madhya Pradesh,Guna,24.49043927178156,77.2235895968791,458,1241519,649362,592157,653980,514897,34184,2482,144248,212765,72320,1302,91.0,53.0
Madhya Pradesh,Gwalior,26.04074441964285,78.12782433035713,421,2032036,1090327,941709,1357210,685311,165061,15779,306859,172720,272172,2830,86.0,67.0
Madhya Pradesh,Harda,22.227659781121783,77.07022571819435,448,570465,294838,275627,352550,230979,22174,986,95066,112714,31845,619,93.0,62.0
Madhya Pradesh,Hoshangabad,22.595268801996703,78.02168094841929,449,1241350,648725,592625,810644,478082,61415,2871,198076,209650,105746,1535,91.0,65.0
Madhya Pradesh,Indore,22.680265752128648,75.9133801324502,439,3276697,1699627,1577070,2309130,1268195,417170,48691,593576,200371,587947,5783,93.0,70.0
Madhya Pradesh,Jabalpur,23.18525572327043,79.98328754716981,451,2463289,1277278,1186011,1756468,1005624,192581,20443,452023,272284,352477,3776,93.0,71.0
Madhya Pradesh,Jhabua,22.419578015397768,74.40921616766468,464,1025048,515023,510025,352081,515121,16683,744,125411,211080,24713,1612,99.0,34.0
Madhya Pradesh,Katni,23.724416229116937,80.33819665871127,450,1292042,662013,630029,790773,543874,38086,2179,172416,276151,72880,1476,95.0,61.0
Madhya Pradesh,Mandla,22.70348712446353,80.38600543633753,454,1054905,525272,529633,604962,559649,18413,912,143803,279674,37258,1043,101.0,57.0
Madhya Pradesh,Mandsaur,24.19278764044944,75.43588667736759,433,1340411,682851,657560,834591,679723,47723,2324,239885,302287,81832,1475,96.0,62.0
Madhya Pradesh,Morena,26.37313504531724,77.88447341389724,419,1965970,1068417,897553,1179685,675993,45113,1781,131486,319298,95288,1924,84.0,60.0
Madhya Pradesh,Neemuch,24.70311893333336,75.06608186666664,432,826067,422653,403414,508834,418682,34666,1945,145258,174235,67962,1026,95.0,62.0
Madhya Pradesh,Panna,24.451325840092657,80.21133001158752,426,1016520,533480,483040,552559,431998,13285,653,76097,256744,32179,1034,91.0,54.0
Madhya Pradesh,Raisen,23.292518206521724,78.16305495923909,446,1331597,700358,631239,820220,517838,34499,1141,194373,251272,74441,1460,90.0,62.0
Madhya Pradesh,Rajgarh,23.785499026425583,76.66431223922116,442,1545814,790212,755602,804245,745603,30688,1611,231130,331894,69823,1629,96.0,52.0
Madhya Pradesh,Ratlam,23.503562290502792,75.14895782122909,434,1455069,738241,716828,825880,690980,67830,3644,213825,266716,107151,1700,97.0,57.0
Madhya Pradesh,Rewa,24.861184625158856,81.57572465057183,430,2365106,1225100,1140006,1441757,991946,45180,3406,251132,523910,94489,2756,93.0,61.0
Madhya Pradesh,Sagar,23.800318709677374,78.71940357771273,427,2378458,1256257,1122201,1545719,1006035,68482,4546,366494,448408,165507,2771,89.0,65.0
Madhya Pradesh,Satna,24.62777621776502,80.75547048710598,429,2228935,1157495,1071440,1371781,911349,55196,3754,294702,461831,114173,2641,93.0,62.0
Madhya Pradesh,Sehore,22.9297199679658,77.06780202883085,445,1311332,683743,627589,780362,586087,30868,1566,212138,270427,59220,1442,92.0,60.0
Madhya Pradesh,Seoni,22.33230487804874,79.66053863928111,456,1379131,695879,683252,864194,684434,26893,1182,228695,335045,47542,1369,98.0,63.0
Madhya Pradesh,Shahdol,23.44859864559819,81.4596831828442,460,1066063,540021,526042,604194,493057,24255,1733,113184,233594,57846,1302,97.0,57.0
Madhya Pradesh,Shajapur,23.566620317220547,76.33555181268885,436,1512681,780520,732161,894612,717871,32204,1382,232735,312611,73997,1647,94.0,59.0
Madhya Pradesh,Sheopur,25.78014810996563,77.16911116838484,418,687861,361784,326077,328025,277455,11701,273,74770,150146,26376,693,90.0,48.0
Madhya Pradesh,Shivpuri,25.37802451874367,77.74861600810549,423,1726050,919795,806255,900846,759281,35706,1852,148128,367859,66759,1827,88.0,52.0
Madhya Pradesh,Sidhi,24.17547189952905,82.1053783359498,462,1127033,575912,551121,600785,461760,9569,837,102228,250953,25916,3019,96.0,53.0
Madhya Pradesh,Tikamgarh,25.14099852104666,78.89357064846428,424,1445166,760355,684811,747940,655318,21489,1090,132725,322772,60220,1591,90.0,52.0
Madhya Pradesh,Ujjain,23.319288862745065,75.80383717647058,435,1986864,1016289,970575,1240990,897442,123526,7501,323379,300765,188684,2599,96.0,62.0
Madhya Pradesh,Umaria,23.59601063063061,80.90879477477475,431,644758,330674,314084,356672,289691,12713,839,67975,138100,29966,692,95.0,55.0
Madhya Pradesh,Vidisha,23.82838307984792,77.9013507604563,443,1458875,769568,689307,862918,550402,41617,1926,181510,292579,83830,1583,90.0,59.0
Maharashtra,Akola,20.746310479041902,77.12122320359276,501,1813906,932334,881572,1411281,768154,107463,6163,314490,308158,196077,3948,95.0,78.0
Maharashtra,Amravati,21.16520991810736,77.67583503184723,503,2888445,1480768,1407677,2251875,1236322,175917,9438,512492,508921,272894,6236,95.0,78.0
Maharashtra,Bhandara,21.211792649727748,80.10950199637024,506,1200334,605520,594814,899860,597305,55948,2932,227025,283843,72575,2237,98.0,75.0
Maharashtra,Bid,18.952353340080982,75.69319706477731,523,2585049,1349106,1235943,1718507,1255548,82098,5614,402052,563114,135457,4179,92.0,66.0
Maharashtra,Buldana,20.56680611183355,76.39017880364096,500,2586258,1337560,1248698,1879874,1219641,103898,4767,423036,575405,152787,4421,93.0,73.0
Maharashtra,Chandrapur,20.095609090909075,79.31556380471388,509,2204307,1123834,1080473,1578615,1058172,172661,8239,418666,451324,233331,5085,96.0,72.0
Maharashtra,Dhule,21.274018690400517,74.58719071837263,498,2050862,1054031,996831,1293916,936370,126138,6065,315332,382777,146013,3583,95.0,63.0
Maharashtra,Gondiya,21.225008411214997,80.17522698598128,507,1322507,661554,660953,1004243,665419,38044,2866,239981,319702,66813,2183,100.0,76.0
Maharashtra,Hingoli,19.59525302245251,77.09239412780653,512,1177345,606294,571051,790743,569182,27700,1221,159114,242456,41913,1853,94.0,67.0
Maharashtra,Jalgaon,20.8828943415638,75.55140421810695,499,4229917,2197365,2032552,2891882,1863571,350029,14297,720791,796223,373565,7988,92.0,68.0
Maharashtra,Jalna,19.984612534818933,75.98473607242339,514,1959046,1011473,947573,1195523,930886,60219,3791,288895,404746,98084,3363,94.0,61.0
Maharashtra,Kolhapur,16.44881301587301,74.12897150793648,530,3876001,1980658,1895343,2825845,1704054,340318,22269,770005,796496,382818,8464,96.0,73.0
Maharashtra,Latur,18.348687268993856,76.75812607802874,524,2454196,1273140,1181056,1650672,1046857,96018,6217,381722,428616,157016,4574,93.0,67.0
Maharashtra,Nagpur,21.196556862745105,79.02166176470584,505,4653570,2384975,2268595,3673808,1868560,599780,57964,917626,430844,877522,14073,95.0,79.0
Maharashtra,Nanded,19.209316983017,77.6829048951049,511,3361292,1730075,1631217,2189425,1493953,116284,7548,488748,591119,230563,6214,94.0,65.0
Maharashtra,Nandurbar,21.523175625248147,74.32638757443429,497,1648295,833170,815125,906509,792065,54335,2579,186202,333440,71572,2446,98.0,55.0
Maharashtra,Nashik,20.266912871287143,74.03824168316828,516,6107187,3157186,2950001,4345366,2763328,536781,45039,904710,904661,764271,13629,93.0,71.0
Maharashtra,Osmanabad,18.19459456066944,75.99495575313809,525,1657576,861535,796041,1137810,773916,49180,3209,240042,367158,77832,2786,92.0,69.0
Maharashtra,Parbhani,19.31032425249168,76.70163338870431,513,1836086,942870,893216,1157814,822797,59272,3982,272486,293480,133759,3410,95.0,63.0
Maharashtra,Pune,18.51696171428573,74.12922881632647,521,9429408,4924105,4505303,7171723,4048993,1410448,235018,1925019,1165718,2056739,27223,91.0,76.0
Maharashtra,Ratnagiri,17.210195070127703,73.25725893866404,528,1615069,761121,853948,1199392,714076,100860,7752,367352,538538,100824,3484,112.0,74.0
Maharashtra,Sangli,17.154930181086502,74.70713822937628,531,2822143,1435728,1386415,2049467,1215104,227034,13212,485126,626872,226801,5798,97.0,73.0
Maharashtra,Satara,17.6737908974359,74.18052064102558,527,3003741,1510842,1492899,2225694,1354947,271186,14093,562653,774522,200949,5649,99.0,74.0
Maharashtra,Sindhudurg,16.170948049777163,73.51329008172343,529,849651,417332,432319,666067,347178,42540,3517,194228,295847,44989,1749,104.0,78.0
Maharashtra,Solapur,17.837357937584812,75.42394823609216,526,4317756,2227852,2089904,2910676,1898395,248255,15145,595560,779929,376302,8995,94.0,67.0
Maharashtra,Thane,19.698767747440264,72.79882742564581,517,11060148,5865078,5195070,8227161,4492767,1610460,256170,2231800,713994,2904157,35118,89.0,74.0
Maharashtra,Wardha,20.80743024390242,78.57259105691062,504,1300774,668385,632389,1019458,608235,114029,4313,266155,268486,120218,2754,95.0,78.0
Maharashtra,Washim,20.282282394366213,77.25502394366208,502,1197160,620302,576858,869917,569792,36840,1875,196022,274925,55921,1942,93.0,73.0
Maharashtra,Yavatmal,20.04258346738159,78.05326371760479,510,2772348,1419965,1352383,2022574,1355999,134500,6094,446516,629243,168889,4937,95.0,73.0
Manipur,Bishnupur,24.50712111801243,93.8246236024845,275,237399,118782,118617,156333,109937,11393,676,34364,34977,21172,226,100.0,66.0
Manipur,Chandel,24.2635812987013,94.09443844155844,280,144182,74579,69603,90302,76238,1424,184,18764,30377,3783,250,93.0,63.0
Manipur,Churachandpur,24.30309718875504,93.38671506024085,274,274143,138820,135323,195935,122655,13371,837,29894,52972,4853,327,97.0,71.0
Manipur,Senapati,25.08465586034914,94.03366234413956,272,479148,247323,231825,264477,233622,2430,256,22798,38008,1826,823,94.0,55.0
Manipur,Tamenglong,24.98312942238265,93.49450740072204,273,140651,72371,68280,85006,70675,1229,125,11541,23982,4119,90,94.0,60.0
Manipur,Thoubal,24.545392553191498,93.97959893617023,276,422168,210845,211323,269304,195319,15994,880,49507,65961,38302,539,100.0,64.0
Manipur,Ukhrul,25.05900314960629,94.44129566929138,279,183998,94718,89280,129829,87929,1659,276,14026,36084,5806,79,94.0,71.0
Meghalaya,East Garo Hills,25.82728228228228,90.64684924924916,294,317917,161223,156694,192147,126073,1839,288,24550,62698,11518,450,97.0,60.0
Meghalaya,East Khasi Hills,25.303763888888884,91.75922519841272,298,825922,410749,415173,578030,326786,41496,5032,135941,106248,108843,1456,101.0,70.0
Meghalaya,Jaintia Hills,25.33959557069844,92.37608160136298,299,395124,196285,198839,187527,154180,7150,510,41677,76546,7171,528,101.0,47.0
Meghalaya,South Garo Hills,25.240568578553614,90.64560349127176,295,142334,73170,69164,82062,53069,482,179,10940,35930,3713,139,95.0,58.0
Meghalaya,West Garo Hills,25.495285185185185,90.03709947089942,293,643291,324159,319132,358702,255693,10006,1630,51301,139351,18594,791,98.0,56.0
Meghalaya,West Khasi Hills,25.500889926739926,91.25364542124538,296,383461,193715,189746,230678,163345,476,149,32873,74832,12299,479,98.0,60.0
Mizoram,Aizawl,23.90781335453101,92.85359459459472,283,400309,199270,201039,340595,174636,64710,4019,79804,20570,80341,963,101.0,85.0
Mizoram,Champhai,23.54166580976866,93.24221799485862,284,125745,63388,62357,100802,60342,9115,186,23948,18395,12717,187,98.0,80.0
Mizoram,Kolasib,24.2020004347826,92.73470391304348,282,83955,42918,41037,65895,36672,8787,367,14853,9669,12507,142,96.0,78.0
Mizoram,Lawngtlai,22.36102843137253,92.66964156862753,287,117894,60599,57295,62861,45566,5213,162,9283,21993,5273,242,95.0,53.0
Mizoram,Lunglei,23.007717036172675,92.63512555425892,286,161428,82891,78537,121122,78292,14037,482,26394,21479,17315,274,95.0,75.0
Mizoram,Mamit,23.73852942502819,92.4330803833147,281,86364,44828,41536,60191,39339,4010,90,12158,16726,4129,94,93.0,70.0
Mizoram,Saiha,22.35744801061008,93.02827931034489,288,56574,28594,27980,42233,19461,4783,168,7400,7043,5784,88,98.0,75.0
Mizoram,Serchhip,23.263864705882344,92.914158496732,285,64937,32851,32086,54476,32397,5511,131,12315,7472,8018,118,98.0,84.0
Nagaland,Dimapur,25.814176811594223,93.75074057971014,265,378811,197394,181417,278037,151350,42378,3303,71413,49116,62853,866,92.0,73.0
Nagaland,Kohima,25.60311428571428,93.78600657596373,270,267988,138966,129022,197489,114825,20712,1928,50724,31845,44255,677,93.0,74.0
Nagaland,Mokokchung,26.478911764705888,94.522426006192,262,194622,101092,93530,159494,100067,7236,537,40154,37536,17742,346,93.0,82.0
Nagaland,Mon,26.69207374301676,95.03072988826828,261,250260,131753,118507,119626,147654,1080,178,14398,43607,7415,381,90.0,48.0
Nagaland,Phek,25.63272986577182,94.56814563758392,266,163418,83743,79675,105893,80277,2073,170,36182,38903,7295,219,95.0,65.0
Nagaland,Tuensang,26.21104453280316,94.85809880715708,267,196596,101933,94663,117511,98154,773,155,24998,40690,9451,228,93.0,60.0
Nagaland,Wokha,26.202611551155112,94.1990815181518,264,166343,84505,81838,128208,78412,3228,198,25268,38499,8170,359,97.0,77.0
Nagaland,Zunheboto,26.028178205128206,94.50026666666668,263,140757,71217,69540,102881,79466,1433,261,28846,31267,6044,275,98.0,73.0
Orissa,Baleshwar,21.48570932311624,87.08085828011933,377,2320529,1185787,1134742,1621232,932707,36478,7370,296834,601154,82440,2664,96.0,70.0
Orissa,Bhadrak,20.95262735257214,86.81496204516931,378,1506337,760260,746077,1094140,468599,15864,2637,164636,373862,54244,1711,98.0,73.0
Orissa,Cuttack,20.407640646029623,85.7776810228802,381,2624470,1352760,1271710,2011469,936365,103177,15046,349587,579529,210768,3852,94.0,77.0
Orissa,Dhenkanal,20.79887159353349,85.53226836027711,383,1192811,612593,580218,829910,435533,19846,1810,117172,315390,36979,1334,95.0,70.0
Orissa,Gajapati,19.121080882352945,84.14015091911759,389,577817,282882,294935,262537,293933,12035,635,63112,152095,23050,617,104.0,45.0
Orissa,Ganjam,19.2632617564534,84.80297710437702,388,3529031,1779218,1749813,2210050,1501772,120191,9049,405298,795476,219918,4377,98.0,63.0
Orissa,Jharsuguda,21.827058566978184,83.93581682242987,371,579505,296690,282815,405879,247707,18950,2498,81433,103224,73962,870,95.0,70.0
Orissa,Kalahandi,19.784253092783523,83.1124043814433,395,1576869,787101,789768,802036,751930,17610,1953,91171,456336,38412,1562,100.0,51.0
Orissa,Kandhamal,20.092878624813142,84.02216352765326,390,733110,359945,373165,399786,355349,6938,768,28736,218446,24489,739,104.0,55.0
Orissa,Kendrapara,20.606319815982264,86.83763247572003,379,1440361,717814,722547,1089265,466890,15879,1628,173107,414749,23494,1540,101.0,76.0
Orissa,Khordha,20.054162322274863,85.52234834123229,386,2251673,1167137,1084536,1749936,792193,160277,35701,349860,331834,356895,4186,93.0,78.0
Orissa,Koraput,18.82627794779476,82.81278469846964,398,1379647,678809,700838,568090,693406,39631,3988,85766,381789,78339,1519,103.0,41.0
Orissa,Malkangiri,18.25227930367506,81.98293636363628,399,613192,303624,309568,244706,310666,4738,448,24604,167884,15839,564,102.0,40.0
Orissa,Mayurbhanj,21.897621545157754,86.4030408052231,376,2519738,1256213,1263525,1369397,1223534,29031,2950,140189,689110,64479,2747,101.0,54.0
Orissa,Nayagarh,20.192895622119817,85.05614700460825,385,962789,502636,460153,688362,343633,11159,1163,124984,261646,26688,984,92.0,71.0
Orissa,Nuapada,20.471309512195116,82.59152536585364,394,610382,301962,308420,299383,305438,6414,757,43976,197258,11869,205,102.0,49.0
Orissa,Puri,19.83509174603177,85.86698989898981,387,1698730,865380,833350,1291939,621676,33331,3416,201605,402014,72210,2027,96.0,76.0
Orissa,Rayagada,19.292840020060204,83.45860120361095,396,967911,471960,495951,407735,467122,24924,1553,61543,237343,49205,1074,105.0,42.0
Orissa,Sambalpur,21.515752380952385,84.34958483245157,372,1041099,526877,514222,703691,505840,33612,5231,126498,220697,94798,1548,98.0,68.0
Orissa,Sundargarh,22.06354819277107,84.50524819277099,374,2093437,1061147,1032290,1342322,873227,77581,12787,223537,387911,230151,3130,97.0,64.0
Puducherry,Karaikal,10.876161726078813,79.82369793621002,637,200222,97809,102413,154916,68301,28366,1868,47880,35618,33715,4890,105.0,77.0
Puducherry,Mahe,12.006420793787758,75.28275021570326,636,41816,19143,22673,36470,11802,3632,574,7150,0,12110,10027,118.0,87.0
Puducherry,Yanam,16.707695652173904,82.26187304347832,634,55626,27301,28325,39274,16760,10399,207,12859,0,15519,10027,104.0,71.0
Punjab,Amritsar,31.548679820627772,74.79883856502238,49,2490656,1318408,1172248,1684770,917856,279993,29961,461231,275477,385476,6979,89.0,68.0
Punjab,Bathinda,30.190524611973352,75.05685898004438,46,1388525,743197,645328,844868,549986,118427,11284,255650,218159,137563,3365,87.0,61.0
Punjab,Faridkot,30.591187250996025,74.79751553784862,45,617508,326671,290837,381285,221555,62103,4348,113549,99946,58917,1540,89.0,62.0
Punjab,Fatehgarh Sahib,30.64290947368421,76.36208394736842,40,600163,320795,279368,426033,214783,64037,5138,113683,117559,57337,1640,87.0,71.0
Punjab,Firozpur,30.63407535211269,74.40245732394365,43,2029074,1071637,957437,1227511,756695,141899,10042,349662,348522,153868,4283,89.0,60.0
Punjab,Gurdaspur,32.04283371212125,75.3204064393939,35,2298323,1212617,1085706,1634719,757138,244468,14428,411216,420860,185488,5982,90.0,71.0
Punjab,Hoshiarpur,31.55157169811319,75.8469857442349,38,1586625,809057,777568,1199699,499822,201675,13747,319930,422673,128592,4305,96.0,76.0
Punjab,Jalandhar,31.250336907216507,75.54400350515463,37,2193590,1145211,1048379,1622537,774472,299449,39082,446200,330339,377791,6883,92.0,74.0
Punjab,Kapurthala,31.336592638036837,75.47641165644177,36,815168,426311,388857,576567,284165,110555,9732,161206,165433,95770,2472,91.0,71.0
Punjab,Ludhiana,30.76596397379912,75.83110851528383,41,3498739,1867816,1630923,2560225,1284822,488757,58589,703624,395032,641789,10593,87.0,73.0
Punjab,Mansa,29.919547714285724,75.4304922857143,47,769751,408732,361019,423560,328512,39414,2673,140099,145603,50786,1694,88.0,55.0
Punjab,Moga,30.756540067340065,75.1600845117845,42,995746,525920,469826,627889,359172,89445,7897,183396,214295,74144,2774,89.0,63.0
Punjab,Muktsar,30.31243303303303,74.5518747747748,44,901896,475622,426274,524848,335326,76441,4571,166585,149507,74650,2025,90.0,58.0
Punjab,Patiala,30.214540380693364,76.27505893949697,48,1895686,1002522,893164,1266791,660267,209192,24274,352929,299279,218090,5679,89.0,67.0
Punjab,Rupnagar,30.910937330754347,76.53743500967126,51,684627,357485,327142,502731,233676,67749,6600,129123,148162,60537,2034,92.0,73.0
Punjab,Sangrur,30.185045204336895,75.89437014178496,53,1655169,878029,777140,1002077,568758,135280,10736,305557,292156,156788,3943,89.0,61.0
Rajasthan,Ajmer,26.199300378787903,74.6990419191919,119,2583052,1324085,1258967,1526673,1053722,171799,13499,393498,409335,274919,4339,95.0,59.0
Rajasthan,Alwar,27.55271738035265,76.65359630562563,104,3674179,1939026,1735153,2182476,1708542,123478,9750,485723,782294,212967,5732,89.0,59.0
Rajasthan,Banswara,23.453642032967014,74.44246868131869,125,1797485,907754,889731,829343,916574,34189,2324,120603,390437,39407,2734,98.0,46.0
Rajasthan,Baran,24.98023243243244,76.86210651828291,128,1222755,633945,588810,693307,552583,32685,1363,161310,249184,69804,1741,93.0,57.0
Rajasthan,Barmer,25.77070908045978,71.50297126436782,115,2603751,1369022,1234729,1188322,1202482,39580,2766,126494,542825,55980,3437,90.0,46.0
Rajasthan,Bharatpur,27.32411858037578,77.21752077244258,105,2548462,1355726,1192736,1480869,1071154,61113,4179,288723,479437,129697,3699,88.0,58.0
Rajasthan,Bhilwara,25.45119767759564,74.63947595628417,122,2408523,1220736,1187787,1256126,1148165,93768,6207,373644,530015,145865,3694,97.0,52.0
Rajasthan,Bikaner,28.12489068322981,73.26943322981371,101,2363937,1240801,1123136,1278801,986208,108812,7607,220793,335754,196179,3411,91.0,54.0
Rajasthan,Bundi,25.48580716049379,75.79984074074079,121,1110906,577160,533746,585044,526091,33406,1392,136969,239836,63452,1723,92.0,53.0
Rajasthan,Chittaurgarh,24.631623761665463,74.80010997846382,126,1544338,783171,761167,821825,802755,59190,4941,268172,366780,88873,3238,97.0,53.0
Rajasthan,Churu,28.29330375536484,74.65846427038629,102,2039547,1051446,988101,1149269,902829,74197,2577,231696,344897,148996,3361,94.0,56.0
Rajasthan,Dausa,26.91234817629181,76.57342097264443,109,1634409,857787,776622,938051,684495,35600,1719,195277,361084,59610,2286,91.0,57.0
Rajasthan,Dhaulpur,26.72397054945053,77.74476219780222,106,1206516,653647,552869,683098,523212,24561,1330,96086,214670,58626,1641,85.0,57.0
Rajasthan,Dungarpur,23.75104807692308,73.84765641025645,124,1388552,696532,692020,681591,641515,26351,1477,141275,322816,31547,2030,99.0,49.0
Rajasthan,Ganganagar,29.256785412667963,73.56192303262948,99,1969168,1043340,925828,1193343,912672,88543,6295,283142,397697,164897,3332,89.0,61.0
Rajasthan,Hanumangarh,29.1813351791531,74.74632573289902,100,1774692,931184,843508,1034136,835260,55515,3360,243163,389059,108694,2709,91.0,58.0
Rajasthan,Jaipur,27.033459290187885,75.77117286012533,110,6626178,3468507,3157671,4300965,2464893,570997,76565,990085,754841,977838,12219,91.0,65.0
Rajasthan,Jaisalmer,26.86900838548185,71.18371877346682,114,669919,361708,308211,308653,288903,12431,754,43141,159117,30830,986,85.0,46.0
Rajasthan,Jalor,25.07578093797277,72.18647261724662,116,1828730,936634,892096,829582,896644,39745,1585,161845,419216,48202,2470,95.0,45.0
Rajasthan,Jhalawar,24.24725541474657,76.11242891705065,129,1411129,725143,685986,739792,685950,38909,1750,220428,298624,63763,1962,95.0,52.0
Rajasthan,Jhunjhunun,28.13517401247401,75.52840893970894,103,2137045,1095896,1041149,1370360,894649,131987,4828,297559,500452,150357,3300,95.0,64.0
Rajasthan,Jodhpur,26.678460838536967,73.00450847457628,113,3687165,1923928,1763237,2031532,1489741,197135,19335,408808,584215,307442,5708,92.0,55.0
Rajasthan,Karauli,26.51901555555556,76.96081818181815,107,1458248,783639,674609,805849,628726,28296,1059,132079,305047,59308,1987,86.0,55.0
Rajasthan,Kota,25.175718080000014,76.18618928000001,127,1951014,1021161,929853,1298345,748811,165563,12843,339899,203454,311735,3394,91.0,67.0
Rajasthan,Nagaur,27.07862016048146,74.14215667001012,112,3307743,1696325,1611418,1758624,1425882,97267,4449,347344,675712,166489,4863,95.0,53.0
Rajasthan,Pali,25.80490393541874,73.55285640766907,118,2037573,1025422,1012151,1085693,842327,94821,4043,326793,512909,139808,3317,99.0,53.0
Rajasthan,Rajsamand,25.24894767441859,73.96570215946844,123,1156597,581339,575258,619139,550831,36073,1989,193276,304622,61054,1821,99.0,54.0
Rajasthan,Sawai Madhopur,26.251081180223288,76.4219283891548,108,1335551,704031,631520,741748,578068,40116,1887,140947,282057,71264,1900,90.0,56.0
Rajasthan,Sikar,27.64644058641976,75.29317422839503,111,2677333,1374990,1302343,1652117,1006504,131342,5647,339457,527560,178274,4033,95.0,62.0
Rajasthan,Sirohi,24.7976905263158,72.75309131578943,117,1036346,534231,502115,476806,419829,47182,2146,134089,238535,69639,1621,94.0,46.0
Rajasthan,Tonk,26.153935071707927,75.79192216427637,120,1421326,728136,693190,749659,649161,32359,1908,158264,298911,81755,2145,95.0,53.0
Rajasthan,Udaipur,24.44076752136749,73.84029839743584,130,3068420,1566801,1501619,1582629,1365783,128320,14211,357846,665449,182769,5101,96.0,52.0
Sikkim,East,27.29600352941175,88.74908392156858,93,1709346,907500,801846,1352998,579692,327253,80037,352758,1086,461132,7151,88.0,79.0
Tamil Nadu,Ariyalur,11.190514836795256,79.22249643916912,616,754894,374703,380191,480604,359851,39642,1749,177502,223955,30322,1258,101.0,64.0
Tamil Nadu,Chennai,13.058098905608748,80.28139151846806,603,4646732,2335844,2310888,3776276,1817297,910262,217368,1096334,0,1314125,15742,99.0,81.0
Tamil Nadu,Coimbatore,10.871376995940452,77.07619012178621,632,3458045,1729297,1728748,2635907,1567950,675153,63273,896325,284795,884957,13938,100.0,76.0
Tamil Nadu,Cuddalore,11.57587300613498,79.63002365371497,617,2605914,1311697,1294217,1815281,1169880,244610,15396,598412,497429,260780,5300,99.0,70.0
Tamil Nadu,Dharmapuri,12.300141200000006,78.11509813333339,630,1506843,774303,732540,917709,751170,104785,3651,337972,396819,91107,2364,95.0,61.0
Tamil Nadu,Dindigul,10.377801390820574,77.78011279554937,612,2159775,1080938,1078837,1481834,1105155,209640,9155,500057,443818,269724,4682,100.0,69.0
Tamil Nadu,Erode,11.267012155963302,77.42034334862392,610,2251744,1129868,1121876,1492662,1195773,371015,18604,595211,411286,432398,7719,99.0,66.0
Tamil Nadu,Kancheepuram,12.496424756511884,80.08820360135913,604,3998252,2012958,1985294,3013382,1673814,622095,100322,961161,438799,774705,8349,99.0,75.0
Tamil Nadu,Kanniyakumari,8.183466300191206,77.32053064053538,629,1870374,926345,944029,1548738,679620,199188,15673,465692,104253,493788,4377,102.0,83.0
Tamil Nadu,Karur,10.79532776617955,78.08749686847604,613,1064493,528184,536309,727044,543298,135831,4915,264949,212241,152420,2151,102.0,68.0
Tamil Nadu,Madurai,9.904313833333331,78.01366033333332,623,3038252,1526475,1511777,2273430,1354632,391821,34097,754141,417718,592723,6917,99.0,75.0
Tamil Nadu,Nagapattinam,10.789468161718286,79.79437299431483,618,1616450,798127,818323,1213008,671994,143846,5585,381940,399016,118724,3026,103.0,75.0
Tamil Nadu,Namakkal,11.33766638477801,78.14624841437633,609,1726601,869280,857321,1176131,898245,265276,8960,441044,370357,257127,3824,99.0,68.0
Tamil Nadu,Perambalur,11.260137758112096,78.86034011799416,615,565223,282157,283066,375823,299726,49390,1507,135751,155413,33179,979,100.0,66.0
Tamil Nadu,Pudukkottai,10.130514816433578,79.05444484265728,621,1618345,803188,815157,1110545,761693,82967,4494,354493,399712,104229,2812,101.0,69.0
Tamil Nadu,Ramanathapuram,9.31286995153476,78.99185362412462,626,1353445,682658,670787,978946,602977,100484,5172,291400,290478,126761,2340,98.0,72.0
Tamil Nadu,Salem,11.629324202127655,78.2478257978723,608,3482056,1781571,1700485,2285562,1694160,448968,20660,835377,572813,597539,8169,95.0,66.0
Tamil Nadu,Sivaganga,9.960306580645158,78.56535729032255,622,1339101,668672,670429,959744,620171,113822,5773,314270,309224,143193,2456,100.0,72.0
Tamil Nadu,Thanjavur,10.387692255892237,79.3194869107745,620,2405890,1182416,1223474,1790998,974079,223044,13495,555582,479070,274302,4914,103.0,74.0
Tamil Nadu,Theni,9.924066666666668,77.43458833333332,624,1245899,625683,620216,870080,591642,147529,4667,312310,189328,221295,2642,99.0,70.0
Tamil Nadu,Thiruvallur,13.275858101752885,80.19724702864492,602,3728104,1876062,1852042,2791721,1538054,621907,75634,909400,387237,732196,7731,99.0,75.0
Tamil Nadu,Thiruvarur,10.368927409395978,79.60322893959727,619,1264277,626693,637584,946471,540168,109580,4416,303114,321331,86848,2272,102.0,75.0
Tamil Nadu,Tiruvannamalai,12.419318947368414,79.23265631578953,606,2464875,1235889,1228986,1626813,1238177,176242,6445,549077,563102,147061,4189,99.0,66.0
Tamil Nadu,Vellore,12.784882632293078,79.02643283582084,605,3936331,1961688,1974643,2773928,1689330,417535,20623,865913,653499,486801,8092,101.0,70.0
Tamil Nadu,Virudhunagar,9.468872195892564,77.87641469194315,625,1942288,967709,974579,1398788,950158,235005,10219,505950,363782,370942,4300,101.0,72.0
Tripura,Dhalai,23.781360477941163,91.94654283088232,291,378230,194544,183686,276217,155831,5532,273,46875,89457,14071,455,94.0,73.0
Tripura,North Tripura,24.121739755351683,92.17842538226292,292,693947,352860,341087,520402,248667,19631,997,81601,150437,42184,848,97.0,75.0
Tripura,South Tripura,23.211874098057383,91.6065807585568,290,876001,447544,428457,646810,366845,20246,948,133744,219171,44906,1118,96.0,74.0
Tripura,West Tripura,23.780166241299337,91.41310788863107,289,1725739,879428,846311,1361354,698178,103228,6394,314567,289621,217016,2817,96.0,79.0
Uttar Pradesh,Agra,26.99512974910393,78.05278291517321,146,4418797,2364953,2053844,2680510,1389844,251013,27183,536402,496971,406852,5982,87.0,61.0
Uttar Pradesh,Aligarh,27.93748576850093,78.00146831119557,143,3673889,1951996,1721893,2092567,1174361,153283,13634,268120,582117,275942,4290,88.0,57.0
Uttar Pradesh,Allahabad,25.392038662316445,82.05172446982063,175,5954391,3131807,2822584,3665727,2111907,204357,24122,391542,983266,265304,7224,90.0,62.0
Uttar Pradesh,Ambedkar Nagar,26.39119025974028,82.68282142857147,178,2397888,1212410,1185478,1486939,787398,21512,2509,99581,501559,65031,2797,98.0,62.0
Uttar Pradesh,Auraiya,26.66892394014961,79.42637057356607,162,1379545,740040,639505,930836,442023,32687,2404,65479,255836,58438,1510,86.0,67.0
Uttar Pradesh,Azamgarh,26.008290954773837,83.01220251256285,191,4613913,2285004,2328909,2771917,1372032,49699,6652,183381,891024,80434,5419,102.0,60.0
Uttar Pradesh,Baghpat,29.045793499999988,77.30266300000001,139,1303048,700070,602978,797970,416695,44732,2989,119121,246055,69991,1514,86.0,61.0
Uttar Pradesh,Bahraich,27.691776300578027,81.46779783237004,180,3487731,1843884,1643847,1398368,1152160,38940,2681,85814,698520,61742,3060,89.0,40.0
Uttar Pradesh,Ballia,25.86075638297873,84.03651978723408,193,3239774,1672902,1566872,1963590,1019483,62157,4672,119972,564927,64454,3634,94.0,61.0
Uttar Pradesh,Balrampur,27.449076537911324,82.47158326180256,182,2148665,1114721,1033944,868357,760253,16229,1551,57400,410070,35768,2174,93.0,40.0
Uttar Pradesh,Banda,25.351885902503284,80.52487391304344,170,1799410,965876,833534,1002937,701689,26907,1655,73522,378056,67569,1949,86.0,56.0
Uttar Pradesh,Bara Banki,26.922777025232424,81.35762350597606,176,3260699,1707073,1553626,1692458,1192850,60554,3159,108116,635840,79068,3230,91.0,52.0
Uttar Pradesh,Bareilly,28.51101940789474,79.43187072368416,150,4448359,2357665,2090694,2191759,1401971,210687,15164,272830,631613,362798,5126,89.0,49.0
Uttar Pradesh,Basti,26.833880454545447,82.69790590909092,185,2464464,1255272,1209192,1393783,783688,37593,3423,108101,513960,31065,2775,96.0,57.0
Uttar Pradesh,Bijnor,29.313974259681096,78.45098815489754,134,3682713,1921215,1761498,2135393,1088036,128042,7303,268353,683875,224648,4310,92.0,58.0
Uttar Pradesh,Bulandshahr,28.34875862068968,78.01082758620684,142,3499171,1845260,1653911,2031656,1173260,124641,7865,223922,658449,221628,4534,90.0,58.0
Uttar Pradesh,Chandauli,25.1180859611231,83.25307062634984,196,1952756,1017905,934851,1174606,652543,32433,3492,99602,344937,50822,2183,92.0,60.0
Uttar Pradesh,Chitrakoot,25.159924623803,81.07666087551297,171,991730,527721,464009,531072,394197,11637,827,41046,207237,23558,1019,88.0,54.0
Uttar Pradesh,Deoria,26.42218856548857,83.8244070686071,190,3100946,1537436,1563510,1875239,876246,60348,4469,150001,597778,67928,3643,102.0,60.0
Uttar Pradesh,Etah,27.591155309734443,78.70021858407083,201,1774480,947339,827141,1055202,545984,37027,2635,69591,334246,67752,3461,87.0,59.0
Uttar Pradesh,Etawah,26.78817670157068,79.07621806282728,161,1581810,845856,735954,1062003,506072,47520,2964,113098,265643,85483,1825,87.0,67.0
Uttar Pradesh,Faizabad,26.60589185185181,82.00783530864202,177,2470996,1259628,1211368,1450901,831209,58328,4746,127754,510378,79288,2985,96.0,59.0
Uttar Pradesh,Farrukhabad,27.45063297872342,79.4406284574468,159,1885204,1006240,878964,1092677,592267,59209,2624,88081,316647,94843,2058,87.0,58.0
Uttar Pradesh,Fatehpur,25.8374362030905,80.85416203090509,172,2632733,1384722,1248011,1512166,1063929,43492,3385,75263,558807,77733,2868,90.0,57.0
Uttar Pradesh,Firozabad,27.20963993055552,78.42660624999998,147,2498156,1332046,1166110,1521806,761521,100919,5834,196080,349747,185621,2940,88.0,61.0
Uttar Pradesh,Gautam Buddha Nagar,28.393311038961038,77.52462467532465,141,1648115,890214,757901,1122947,569109,193902,53181,257586,170835,338935,2578,85.0,68.0
Uttar Pradesh,Ghaziabad,28.74997308584685,77.67441879350343,140,4681645,2488834,2192811,3123264,1520538,501592,78116,695130,355407,836316,5946,88.0,67.0
Uttar Pradesh,Ghazipur,25.624724775583484,83.5360854578097,195,3620268,1855075,1765193,2197549,1204602,36798,5309,105767,700173,61467,4079,95.0,61.0
Uttar Pradesh,Gonda,27.157215552099505,82.0226888024882,183,3433919,1787146,1646773,1679994,1170552,45517,4313,104084,673578,52794,3614,92.0,49.0
Uttar Pradesh,Gorakhpur,26.63315886792452,83.3549560377358,188,4440895,2277777,2163118,2700328,1351629,149727,14597,296619,761958,189170,5455,95.0,61.0
Uttar Pradesh,Hardoi,27.337409090909137,80.26411767676768,155,4092845,2191442,1901403,2221601,1318946,60689,3845,95508,786613,121064,4209,87.0,54.0
Uttar Pradesh,Jalaun,26.067954587155988,79.36686911314993,165,1689974,906092,783882,1075196,620764,42616,2217,104176,304856,91565,1906,87.0,64.0
Uttar Pradesh,Jaunpur,25.70141280913127,82.54315351934063,194,4494204,2220465,2273739,2731677,1437375,56508,8002,181467,926088,80582,5261,102.0,61.0
Uttar Pradesh,Jhansi,25.45581535234902,78.89954580536917,166,1998603,1057436,941167,1304513,814914,94342,8517,183340,309592,195321,2651,89.0,65.0
Uttar Pradesh,Jyotiba Phule Nagar,28.870498984771597,78.39009365482241,137,1840221,963449,876772,983110,599089,55064,2825,89329,335888,115486,2074,91.0,53.0
Uttar Pradesh,Kannauj,26.993988617886185,79.64437940379408,160,1656616,881776,774840,1017087,524676,32510,2488,61491,299785,65985,1730,88.0,61.0
Uttar Pradesh,Kanpur Dehat,26.43047641196011,79.98710083056478,163,1796184,963255,832929,1170243,628864,23831,2682,49753,363933,41323,2056,86.0,65.0
Uttar Pradesh,Kaushambi,25.53587532051282,81.41811282051287,174,1599596,838485,761111,813424,639086,22034,1503,43753,349856,30764,1645,91.0,51.0
Uttar Pradesh,Kushinagar,26.892530675909864,83.92261542461007,189,3564544,1818055,1746489,1954820,1116973,29304,3486,127331,742324,42775,3704,96.0,55.0
Uttar Pradesh,Lalitpur,24.58877161016945,78.60082330508473,167,1221592,641011,580581,641191,503351,20720,1079,77082,258013,43819,1287,91.0,52.0
Uttar Pradesh,Lucknow,26.838233589251463,80.89706026871404,157,4589838,2394476,2195362,3127260,1542806,469747,68506,582769,344155,717566,7486,92.0,68.0
Uttar Pradesh,Mahoba,25.34529670138888,79.67863003472216,169,875958,466358,409600,488106,349676,12874,1316,42936,198298,48525,904,88.0,56.0
Uttar Pradesh,Mainpuri,27.17386862302482,79.03501851015807,148,1868529,993377,875152,1203885,560840,43074,2642,79022,338475,72783,1998,88.0,64.0
Uttar Pradesh,Mathura,27.59390432801821,77.62153416856502,145,2547184,1367125,1180059,1507746,840939,107867,8726,281239,407488,177802,3025,86.0,59.0
Uttar Pradesh,Mau,26.01082203791469,83.50582654028433,192,2205968,1114709,1091259,1363044,696747,40087,2656,149908,352207,99321,2693,98.0,62.0
Uttar Pradesh,Meerut,29.02957625698323,77.80611005586593,138,3443689,1825743,1617946,2141488,1090539,236071,23717,425624,381520,422303,4953,89.0,62.0
Uttar Pradesh,Mirzapur,25.10207959183675,82.60126628571429,199,2496970,1312302,1184668,1428683,881996,43500,4447,145997,465152,77963,2875,90.0,57.0
Uttar Pradesh,Moradabad,28.851770406189537,78.73580193423597,135,4772006,2503186,2268820,2263848,1417811,179473,11690,281758,692398,355518,5452,91.0,47.0
Uttar Pradesh,Muzaffarnagar,29.470507977736563,77.64017847866423,133,4143512,2193434,1950078,2417339,1291644,147785,10077,368153,673746,296104,4871,89.0,58.0
Uttar Pradesh,Pilibhit,28.52024175035868,79.90103974175037,151,2031007,1072002,959005,1061095,618605,47723,2870,83006,371752,89638,2125,89.0,52.0
Uttar Pradesh,Pratapgarh,25.864842731707316,81.93530048780492,131,867848,437744,430104,401515,481294,17984,716,71612,209813,24269,2829,98.0,46.0
Uttar Pradesh,Pratapgarh,25.864842731707316,81.93530048780492,173,3209141,1606085,1603056,1931559,1066601,46358,5149,140538,711085,41701,3639,100.0,60.0
Uttar Pradesh,Rae Bareli,26.253902840059787,81.22260463378181,158,3405559,1752542,1653017,1965843,1204710,65080,5184,247856,705025,73393,3812,94.0,58.0
Uttar Pradesh,Rampur,28.83244727272725,79.10977333333337,136,2335819,1223889,1111930,1043666,737261,62281,3847,131112,396775,143217,2545,91.0,45.0
Uttar Pradesh,Saharanpur,30.03381165217392,77.59905147826095,132,3466382,1834106,1632276,2077108,1037344,149035,9699,404499,605082,284156,4029,89.0,60.0
Uttar Pradesh,Sant Kabir Nagar,26.791596516393444,83.0387764344262,186,1715183,869656,845527,954949,539469,17671,2031,79525,324972,27179,1850,97.0,56.0
Uttar Pradesh,Shahjahanpur,27.991389350649328,79.8302275324675,152,3006538,1606403,1400135,1490930,892214,91958,3889,115163,520289,134714,3441,87.0,50.0
Uttar Pradesh,Sitapur,27.501995963091108,80.85288881199547,154,4483992,2375264,2108728,2283733,1422602,74072,3874,102040,827583,111319,4535,89.0,51.0
Uttar Pradesh,Sonbhadra,24.46693268858798,83.06816324951639,200,1862559,971344,891215,985708,730399,40467,5149,95582,337048,91040,2337,92.0,53.0
Uttar Pradesh,Sultanpur,26.2846386419753,82.05710456790123,179,3797117,1914586,1882531,2239902,1242632,55055,5956,233701,839737,49891,4190,98.0,59.0
Uttar Pradesh,Unnao,26.63163990895297,80.636773292868,156,3108367,1630087,1478280,1773584,1124744,70484,3476,99466,596317,121039,3620,91.0,57.0
Uttar Pradesh,Varanasi,25.36057088888889,82.82529666666672,197,3676841,1921857,1754984,2403903,1220708,202055,19214,336056,438935,316129,5059,91.0,65.0
Uttaranchal,Almora,29.683532133676103,79.50165064267351,64,622506,291081,331425,436497,298211,40199,1830,109876,260056,21082,742,114.0,70.0
Uttaranchal,Bageshwar,29.98703393393397,79.83954354354357,63,259898,124326,135572,179483,123638,13352,435,47083,96031,3880,281,109.0,69.0
Uttaranchal,Chamoli,30.58338611464965,79.56281095541402,57,391605,193991,197614,280556,180940,27853,899,71524,163434,22906,467,102.0,72.0
Uttaranchal,Champawat,29.29142393939393,80.07720212121217,65,259648,131125,128523,177726,99566,18785,548,37725,85202,12839,309,98.0,68.0
Uttaranchal,Pithoragarh,30.14720631868129,80.34229230769236,62,483439,239306,244133,345550,216490,45365,1344,95421,183687,26256,631,102.0,71.0
Uttaranchal,Tehri Garhwal,30.463700918635173,78.48783792650917,59,618931,297986,320945,407994,280442,50929,1366,117239,227059,27177,743,108.0,66.0
Uttaranchal,Udham Singh Nagar,29.02779577677222,79.45629004524895,67,1648902,858783,790119,1037839,591458,116576,7883,254802,269406,145253,1805,92.0,63.0
Uttaranchal,Uttarkashi,30.968958552036234,78.56880615384617,56,330086,168597,161489,215126,157276,21374,602,52621,112148,9061,356,96.0,65.0
West Bengal,Bankura,23.081280892857155,87.12640053571437,339,3596674,1838095,1758579,2232992,1466220,45126,4273,334670,900515,90885,3959,96.0,62.0
West Bengal,Barddhaman,23.444453888888884,87.8150581111111,335,7717563,3966889,3750674,5247208,2911251,292585,32323,1049943,1364868,862368,13547,95.0,68.0
West Bengal,Birbhum,24.06389342723,87.65153089201888,334,3502404,1790920,1711484,2158447,1331603,57010,5210,333752,831044,134565,3911,96.0,62.0
West Bengal,Dakshin Dinajpur,25.342094363021435,88.69821679819614,331,1676276,857199,819077,1083685,702987,37186,2518,168069,390949,70077,2039,96.0,65.0
West Bengal,Darjiling,26.839619571045585,88.33145067024122,327,1846823,937259,909564,1315585,683726,141897,10943,297176,303284,215675,3146,97.0,71.0
West Bengal,Haora,22.401674174428507,87.99421176968654,341,4850029,2500819,2349210,3605206,1819845,325053,30751,796953,483384,869313,9414,94.0,74.0
West Bengal,Hugli,22.87929264705881,88.00010264705891,338,5519145,2814653,2704492,4078388,2152870,319815,31725,965258,992085,647953,9450,96.0,74.0
West Bengal,Jalpaiguri,26.62642031250004,89.04154375000003,328,3872846,1983064,1889782,2498780,1512910,138522,9322,382500,798378,319426,5160,95.0,65.0
West Bengal,Kolkata,22.550581481481483,88.3527648148148,342,4496694,2356766,2139928,3588137,1795740,623579,136618,927602,0,1308106,16375,91.0,80.0
West Bengal,Maldah,25.08026802575105,88.17191684549356,332,3988845,2051541,1937304,2086432,1537847,54213,5357,297716,830318,128678,4191,94.0,52.0
West Bengal,Murshidabad,24.25950655391121,88.16816860465121,333,7103807,3627564,3476243,4055834,2589907,92742,7951,541169,1501066,350899,8088,96.0,57.0
West Bengal,Nadia,23.56410971055088,88.58293034547152,336,5167600,2653768,2513832,3480555,1842607,168314,12787,623729,1081381,468390,7048,95.0,67.0
West Bengal,Puruliya,23.254192328767108,86.3968532876713,340,2930115,1496996,1433119,1624905,1249642,30675,3551,189889,653219,99433,3309,96.0,55.0
West Bengal,Uttar Dinajpur,26.044619165196977,88.23595232216337,330,3007134,1551066,1456068,1489667,1075626,39138,2883,199307,683981,94269,3214,94.0,50.0
